{"cameraMode":{"drawMode":0,"name":"Shaded","section":"Shading Mode"},"sceneLighting":false,"audioPlay":false,"sceneViewState":{"m_AlwaysRefresh":false,"showFog":true,"showSkybox":false,"showFlares":true,"showImageEffects":true,"showParticleSystems":true,"showVisualEffectGraphs":true,"m_FxEnabled":true},"in2DMode":false,"pivot":{"x":1.5330737829208375,"y":0.5083086490631104,"z":1.5147901773452759},"rotation":{"x":-0.04453970119357109,"y":0.9165471196174622,"z":-0.10662200301885605,"w":-0.38287171721458437},"size":-0.055481910705566409,"orthographic":false}